{"cameraMode":{"drawMode":0,"name":"Shaded","section":"Shading Mode"},"sceneLighting":true,"audioPlay":false,"sceneViewState":{"m_AlwaysRefresh":false,"showFog":true,"showSkybox":true,"showFlares":true,"showImageEffects":true,"showParticleSystems":true,"showVisualEffectGraphs":true,"m_FxEnabled":true},"in2DMode":false,"pivot":{"x":-0.5893049836158752,"y":2.0972399711608888,"z":-0.06476762890815735},"rotation":{"x":-0.11459602415561676,"y":0.7243887186050415,"z":-0.1242072656750679,"w":-0.6683714985847473},"size":0.42684030532836916,"orthographic":false}