{"cameraMode":{"drawMode":0,"name":"Shaded","section":"Shading Mode"},"sceneLighting":true,"audioPlay":false,"sceneViewState":{"m_AlwaysRefresh":false,"showFog":true,"showSkybox":true,"showFlares":true,"showImageEffects":true,"showParticleSystems":true,"showVisualEffectGraphs":true,"m_FxEnabled":true},"in2DMode":false,"pivot":{"x":0.7556514739990234,"y":1.738051414489746,"z":0.3377021551132202},"rotation":{"x":0.22907200455665589,"y":0.6200447082519531,"z":-0.19609767198562623,"w":0.7243107557296753},"size":5.705512046813965,"orthographic":false}